aoi,std_aoi,total_latency,std_total_latency,number_of_requests_to_provider,hit_rate
378.290751330538,77.39692433018271,1059.8662183353438,458.4984048179808,328,0.9837153196622437
1857.771145215504,1855.3270384284504,1144.3965317387303,1329.9698792150743,351,0.9604415823367065
1569.9199927779202,1753.9108768511521,1063.3835192780969,1015.6196637308753,328,0.9729286300246104
