aoi,std_aoi,total_latency,std_total_latency,number_of_requests_to_provider,hit_rate
1799518.1965368544,1037972.6488767698,202.8075290383049,1904.7601824568576,37124,0.8689733662117983
