aoi,std_aoi,total_latency,std_total_latency,number_of_requests_to_provider,hit_rate
326.37948755255854,87.58806855279586,1278.96147275405,1110.4577134291917,3395,0.7717231222385862
836.9059612144174,3315.5550651696544,1525.2833138950332,2368.449465053376,4959,0.7675447416046652
266.1405172990831,1610.6957824381104,1145.9172668363806,576.4239026475087,4315,0.7796806294839158
