aoi,std_aoi,total_latency,std_total_latency,number_of_requests_to_provider,hit_rate
70.64883751775872,122.60434103066662,1182.8308652575959,1462.0258215595188,1514,0.8276089828269485
209.75529850554585,118.34647152429947,1161.706484817293,588.210571065611,1943,0.8265568708183222
220.96602062485366,129.93903302695264,1255.588736118456,698.214661030341,1891,0.8239026969857218
