aoi,std_aoi,total_latency,std_total_latency,number_of_requests_to_provider,hit_rate
1862.6956931832963,28037.748442351123,1903.3357142857142,2627.7804483441323,3382,0.396759941089838
6156.457688290318,61561.5530865795,1698.4373010532474,878.7853637188892,6756,0.40520772381509657
4795.392489471272,53891.1273368176,1758.505712648946,6267.945162115848,4322,0.41200733272227313
