aoi,std_aoi,total_latency,std_total_latency,number_of_requests_to_provider,hit_rate
283.6014353609919,44.58476069431908,1338.8459951749096,745.0084297354971,1658,0.7949336550060314
178.194142636651,21.00791640074308,1371.6157803468209,2106.122121498948,1038,0.7938342967244701
343.1548313725109,2578.799537311768,1227.6076916932907,677.6099838731919,1251,0.7955271565495208
