aoi,std_aoi,total_latency,std_total_latency,number_of_requests_to_provider,hit_rate
5008.589955673091,55789.84351922686,1364.4831664212077,1539.9273193471035,3366,0.7360824742268042
4345.790236276223,53539.97602985282,1175.4968953846153,596.2856534005585,3225,0.7421538461538462
8537.107697752153,70543.66094412256,1432.6983117257275,792.0551891422214,3406,0.7375396139441083
