aoi,std_aoi,total_latency,std_total_latency,number_of_requests_to_provider,hit_rate
77.18177686043113,144.8270657349698,1660.4956538969616,2420.6465286866164,1514,0.31836195508586523
16.158727035720275,23.729228072205725,1683.282938864629,786.7125330909488,2290,0.31615720524017465
69.68692964706952,1259.6733155363497,1466.3087741935483,733.5655654082076,1704,0.32668621700879763
