aoi,std_aoi,total_latency,std_total_latency,number_of_requests_to_provider,hit_rate
1521972.070607534,1159193.1975962396,214.75760171974025,1581.5818099775765,46381,0.850018378053263
