aoi,std_aoi,total_latency,std_total_latency,number_of_requests_to_provider,hit_rate
1632849.164758321,1118717.7301330082,143.20009355857314,1696.541073355653,35831,0.9095377302701315
