aoi,std_aoi,total_latency,std_total_latency,number_of_requests_to_provider,hit_rate
353.03621331510067,66.32243214304529,1077.000542822678,484.0439851070906,448,0.9722557297949337
110.57959506498901,51.38626548783971,1049.0406524633822,464.74356679324467,346,0.9387483355525965
525.5922671582327,60.62930460581819,1246.00296692607,674.2856939526323,432,0.9445525291828794
