aoi,std_aoi,total_latency,std_total_latency,number_of_requests_to_provider,hit_rate
323.20738141547247,41.73849140334045,968.034235640648,287.22913986018835,3395,1.0
34.75047270392112,1.472645904269907,969.149797979798,298.9084291796108,3861,1.0
371.028203115872,194.24605765474297,959.0905263577002,222.0521706476617,12558,1.0
34.722104383255456,0.9216259330323023,1026.134866954333,282.67302939644964,5562,1.0
286.28561605596485,59.04286594060385,934.6712797992471,256.27521591687565,3985,1.0
836.4868691898262,2402.814004649183,925.2991692827819,261.4173425184457,4141,1.0
249.28606711046777,39.24614762587513,1018.9193645273474,344.88099959300865,3163,1.0
209.7680858865637,83.65704559895696,1005.0169908405172,364.6946872447195,3712,1.0
304.8254619364255,194.55347042349837,1031.1720042283298,373.664616374387,4730,1.0
