aoi,std_aoi,total_latency,std_total_latency,number_of_requests_to_provider,hit_rate
328.9546818370496,51.1280069932855,1897.5511016200294,2723.0736845955194,3395,0.39410898379970544
192.46882748737224,1438.2813933730658,1702.5825643651258,852.801393310995,6833,0.3986249268578116
235.70286213508308,1019.1484678736437,1524.8703691045796,783.0667317552269,2925,0.41114149008885853
