aoi,std_aoi,total_latency,std_total_latency,number_of_requests_to_provider,hit_rate
5128.510502698109,56218.38834489299,1317.9227304860087,1914.8601273149147,3365,0.7731958762886598
7179.778140052302,67861.50678285604,1375.3640055813953,4199.7799981131775,5298,0.7733953488372093
6168.161248761606,62295.38837842309,1339.109295774648,749.3828143678105,3998,0.7716827279466272
