aoi,std_aoi,total_latency,std_total_latency,number_of_requests_to_provider,hit_rate
2819.422484096794,40270.972895815765,1116.7634412153236,1338.2730360028359,1505,0.8725231175693527
5180.399712337334,59710.247615116525,1121.1542672160094,953.5514479300253,1685,0.849911712772219
2432.4341169927966,33130.14605737117,1220.2180633147113,842.2596017186761,1601,0.8590937306021105
