aoi,std_aoi,total_latency,std_total_latency,number_of_requests_to_provider,hit_rate
4986.234977819304,57278.97656357788,1330.248908323281,728.0915434447801,1645,0.7973462002412546
1706.7525071395676,30640.74819119456,1167.2817249417249,658.0776626155683,1282,0.811965811965812
4258.201651479887,35970.105569138745,2012.6346169772257,2806.0079162175675,961,0.7908902691511387
