aoi,std_aoi,total_latency,std_total_latency,number_of_requests_to_provider,hit_rate
1799451.2208485266,1037933.1267704263,1387.339882452049,5565.644011164309,179246,0.0
