aoi,std_aoi,total_latency,std_total_latency,number_of_requests_to_provider,hit_rate
143.0749436408468,144.67080257425252,995.31321664465,330.8141198630284,379,0.9894319682959049
179.0241243851444,64.1556721130554,993.7724946996466,336.4359197036298,332,0.9872791519434629
235.84167294143444,84.13598542361068,1010.790901856764,350.143925418941,343,0.9899204244031831
