aoi,std_aoi,total_latency,std_total_latency,number_of_requests_to_provider,hit_rate
1357.0886468101144,397.5817840109596,969.6773814432989,287.5488737186214,78,1.0
1317.7052677345498,443.67877424226276,1006.0059834938102,333.8653755829873,60,1.0
1255.941915613431,378.75681125549625,1010.1989275438137,329.62622958679617,49,1.0
