aoi,std_aoi,total_latency,std_total_latency,number_of_requests_to_provider,hit_rate
132.8655921933667,155.35904551910969,997.009498018494,328.5391220602753,495,0.9861294583883752
311.5862734452626,58.44789161394764,945.1587651331719,316.3257588686902,420,0.9915254237288136
79.93665734257593,167.10310896556814,986.605757753072,945.9820349133961,553,0.9830310122878877
