aoi,std_aoi,total_latency,std_total_latency,number_of_requests_to_provider,hit_rate
463.64952967950677,91.03010983115435,981.1460058910162,338.06837354149576,448,0.9938144329896907
658.201753478079,102.35921178724153,948.1506841817187,283.2619616795451,244,0.9994526546250684
308.4897946365289,88.72141653109155,959.8478347250216,296.4424344907396,382,0.9965447739706306
