aoi,std_aoi,total_latency,std_total_latency,number_of_requests_to_provider,hit_rate
331.6377116205489,35.26560322702325,1703.208536585366,939.8023523367164,697,0.4734576757532281
175.00186477436796,30.73503714127979,1672.6553762268265,812.2991487024628,917,0.48091603053435117
211.13593622658456,32.841710797562136,1605.2470420624152,861.4930333493389,737,0.46132971506105835
