aoi,std_aoi,total_latency,std_total_latency,number_of_requests_to_provider,hit_rate
1799451.9453275388,1037954.9677784588,1188.2812423150308,4713.980642498383,152634,0.14846635350300705
