aoi,std_aoi,total_latency,std_total_latency,number_of_requests_to_provider,hit_rate
283.593208585631,44.58815176774283,1337.9929191797346,744.8030191630659,1658,0.7955367913148371
178.17937386437876,21.00995971346783,1352.9679479768786,2032.6994906213638,1038,0.7967244701348748
342.9332179729931,2578.780133700954,1226.4326837060703,676.7177822903221,1251,0.7963258785942492
