aoi,std_aoi,total_latency,std_total_latency,number_of_requests_to_provider,hit_rate
881.3954687499686,396.24226058930424,1001.1415455746368,415.3341607302724,84,0.9927344782034346
1129.9721736105005,468.8849991154997,1005.6949808847625,392.01162877140246,78,0.9956308028399782
1082.0881976360552,393.448547265086,927.7634864416159,308.70390338195153,46,1.0
