aoi,std_aoi,total_latency,std_total_latency,number_of_requests_to_provider,hit_rate
325.7547982226415,44.08294973619092,1362.9489455081002,1941.5902812674778,3395,0.7346097201767305
257.61559734462094,2075.846660838396,1180.1711926605506,663.5302720013211,6964,0.7338016055045872
300.14032339361154,2714.1874119937147,1282.1828746627423,667.1888461747081,4069,0.7365710080941869
