aoi,std_aoi,total_latency,std_total_latency,number_of_requests_to_provider,hit_rate
331.637711683339,35.26560304254807,1703.208536585366,939.8023523367164,697,0.4734576757532281
175.0018644952982,30.735037118536123,1672.6553762268265,812.2991487024628,917,0.48091603053435117
211.13593620603734,32.84171085779391,1605.2470420624152,861.4930333493389,737,0.46132971506105835
