aoi,std_aoi,total_latency,std_total_latency,number_of_requests_to_provider,hit_rate
330.1837588741926,43.06887913043345,1426.2295552367289,815.4066965962253,697,0.7015781922525107
336.16772952209527,69.71956701976923,1438.8592346938776,950.2532780222796,588,0.7346938775510204
303.64998156828455,12.849477165332733,1370.8819390581718,837.0002888074198,1083,0.7128347183748845
