aoi,std_aoi,total_latency,std_total_latency,number_of_requests_to_provider,hit_rate
331.637711683339,35.26560304254807,1703.208536585366,939.8023523367164,697,0.4734576757532281
620.044864311993,13476.715890118738,1679.001973827699,847.8523517789932,916,0.48091603053435117
763.7748285467297,8689.081986517233,1627.056160108548,977.8654935561519,734,0.46404341926729986
