aoi,std_aoi,total_latency,std_total_latency,number_of_requests_to_provider,hit_rate
1138.817250521913,403.87908250212405,1044.2243667068758,445.04872840229024,70,0.9963811821471653
1050.6537130567872,480.7791736482357,1040.183650273224,534.9677454080045,118,0.9431693989071038
835.7866101187765,455.52691321659984,966.8167,362.533510849515,71,0.9888888888888889
