aoi,std_aoi,total_latency,std_total_latency,number_of_requests_to_provider,hit_rate
348.0526722586385,63.77787028952656,1076.688914354644,492.879109389359,472,0.9722557297949337
68.04214307613158,59.931196210894,1028.6968077601412,418.37771707952,438,0.9514991181657848
127.74703768511888,62.78743207982665,1057.6806695938528,326.6914323874715,408,0.986827661909989
