aoi,std_aoi,total_latency,std_total_latency,number_of_requests_to_provider,hit_rate
395.0910949852447,62.08376595767166,904.9899040944301,261.2353039779076,348,1.0
