aoi,std_aoi,total_latency,std_total_latency,number_of_requests_to_provider,hit_rate
1278.5974015622355,510.68000999295464,1061.1996413199427,468.1264945172195,49,0.9913916786226685
1097.0360708493015,492.2990734581508,1074.0357126696833,4610.512609707204,87,0.9819004524886877
978.216205388909,507.4078992417359,1047.614965034965,482.77277852581744,44,1.0
