aoi,std_aoi,total_latency,std_total_latency,number_of_requests_to_provider,hit_rate
1799483.9319699742,1037927.6157349667,138.52109324615333,1676.902583863737,39032,0.912846032826395
