aoi,std_aoi,total_latency,std_total_latency,number_of_requests_to_provider,hit_rate
1621.0262520006186,32779.54842414101,1600.232357992074,2072.1645736274463,1510,0.31968295904887717
718.0380226178914,19387.436889554276,1515.7156612806702,801.5488852259559,1669,0.3243566726511071
348.7044154424527,3968.631870073516,1939.9587117647059,3251.650207412035,1698,0.3176470588235294
