aoi,std_aoi,total_latency,std_total_latency,number_of_requests_to_provider,hit_rate
383.65717994435295,62.904061250937545,1088.327431850789,517.492356106997,231,0.975609756097561
278.56719518648566,68.32116730863683,981.9621354166667,405.7098830248583,314,0.9821428571428571
140.17127433679684,53.225445256979086,1018.6207166853303,391.2587296129822,313,0.9708846584546472
