aoi,std_aoi,total_latency,std_total_latency,number_of_requests_to_provider,hit_rate
1799487.350034143,1037951.3842185233,245.0160143601531,2299.0608792465378,49097,0.8355277105207368
