aoi,std_aoi,total_latency,std_total_latency,number_of_requests_to_provider,hit_rate
366.6428827772315,53.49053891559474,1091.5228263988522,486.46508646433495,309,0.9684361549497847
285.0217390577237,45.70075706744867,1025.8426270136308,482.3832050215749,431,0.9405204460966543
211.46134700166417,282.05115610750835,1005.003873659118,655.3773587090762,473,0.930870083432658
