aoi,std_aoi,total_latency,std_total_latency,number_of_requests_to_provider,hit_rate
1799372.5974933053,1038039.1229404279,1209.8787977416512,5081.394179838652,153479,0.14375216183345793
