aoi,std_aoi,total_latency,std_total_latency,number_of_requests_to_provider,hit_rate
326.37948755255854,87.58806855279586,1278.96147275405,1110.4577134291917,3395,0.7717231222385862
724.1276537313587,2135.0887628006085,1505.2140197064145,2606.623622192269,4970,0.76674039815001
450.4000376772645,206.5493295367539,1258.2446998440748,1025.1997101387758,7694,0.7729989604989606
