aoi,std_aoi,total_latency,std_total_latency,number_of_requests_to_provider,hit_rate
463.76475527643,88.0578820445547,974.0409572901325,304.28287693969946,371,0.9973490427098675
548.2997652537252,80.39360558635627,969.841684484253,284.8283850525461,227,0.999711066165848
461.3193572859937,78.29750292153227,921.8004917380051,269.41855466346504,376,0.9992036631495123
