aoi,std_aoi,total_latency,std_total_latency,number_of_requests_to_provider,hit_rate
376.9401590506853,63.91025011206166,1152.8461406025824,666.2187527249242,257,0.926829268292683
243.3639190074815,1283.9430187550483,1737.4505689655173,13296.536750183788,346,0.8551724137931035
137.6117559264811,67.20845271420906,1102.5417248062015,578.7056000225051,293,0.874031007751938
