aoi,std_aoi,total_latency,std_total_latency,number_of_requests_to_provider,hit_rate
68.97529392428032,118.17725979627494,1153.8634808454426,1451.2872347667537,1514,0.8712021136063408
330.660266303054,100.7015196320811,1143.8613738178199,806.4348649167464,2009,0.8531607765057242
109.90242737397345,60.013955598815535,1057.3167850225952,496.9660851149856,1549,0.8631375080697224
