aoi,std_aoi,total_latency,std_total_latency,number_of_requests_to_provider,hit_rate
1283968.0403058832,1199102.9400472736,380.8840334257805,2680.7443872146778,61969,0.7302658691705372
