aoi,std_aoi,total_latency,std_total_latency,number_of_requests_to_provider,hit_rate
283.60143546303186,44.584760756231816,1338.8459951749096,745.0084297354971,1658,0.7949336550060314
178.1941425829977,21.00791607958826,1371.6157803468209,2106.122121498948,1038,0.7938342967244701
270.4076517567116,141.39933996743798,1236.2759744408945,710.2193778929868,1252,0.7955271565495208
