aoi,std_aoi,total_latency,std_total_latency,number_of_requests_to_provider,hit_rate
2543.229657379214,38785.011980214455,1140.292965653897,1403.840344282574,1506,0.8295904887714664
6320.777576958378,65889.23061081448,1130.1073037150518,542.9480514239501,2582,0.8234392952891613
1958.8355108297424,28433.486525322965,1223.2580020865937,697.3360154454914,1909,0.8231611893583725
