aoi,std_aoi,total_latency,std_total_latency,number_of_requests_to_provider,hit_rate
326.3794874821966,87.58806852229489,1278.96147275405,1110.4577134291917,3395,0.7717231222385862
717.1255267823294,2116.695633452567,1515.2512386889202,2658.754402082493,4972,0.7665393122863463
449.465545667375,189.47321137664122,1250.5893464137214,854.5642130607929,7692,0.7732588357588358
