aoi,std_aoi,total_latency,std_total_latency,number_of_requests_to_provider,hit_rate
68.9752940514286,118.17725965723064,1153.8634808454426,1451.2872347667537,1514,0.8712021136063408
375.54077541068636,2012.740114186326,1179.628675958188,1384.9013514902067,2008,0.8531607765057242
109.90242722728624,60.013955949879396,1045.4213686249193,453.39422187074047,1549,0.8631375080697224
