aoi,std_aoi,total_latency,std_total_latency,number_of_requests_to_provider,hit_rate
290.8539085436356,91.0433173141653,2095.739927623643,1006.8511244904798,1658,0.2937273823884198
253.84891690207172,157.08402281512272,2106.964642166344,998.4198195768307,1034,0.29690522243713735
94.2480709300093,20.301495023408417,1587.49475,751.9058756935207,920,0.2967391304347826
