aoi,std_aoi,total_latency,std_total_latency,number_of_requests_to_provider,hit_rate
359.5764789262853,51.32777788975353,1206.0679913916786,621.6125100586996,358,0.8708751793400287
119.71491788764409,63.62416634769892,1123.842014446228,546.5908616456858,498,0.920545746388443
303.2618594244523,53.26760056301965,1226.6650173812284,626.9846010786564,449,0.8702201622247973
