aoi,std_aoi,total_latency,std_total_latency,number_of_requests_to_provider,hit_rate
329.8589597246055,46.11625850179125,1251.7973027259684,690.8166518599324,697,0.8464849354375896
353.4025875582567,1005.356787200791,1514.0692629815746,822.4373865925436,1193,0.8676716917922948
243.7449804856561,37.48629043070063,996.7419744160178,463.2192154985177,1798,0.8620689655172413
