aoi,std_aoi,total_latency,std_total_latency,number_of_requests_to_provider,hit_rate
371.94263287472273,74.46916315804788,1061.0785705669482,458.86870420594744,338,0.982509047044632
216.29740875173692,81.01758342556127,985.3187536743093,334.83981673889963,314,0.9929453262786596
164.74901721263643,115.84407845855071,1096.6552773375595,465.009324110511,277,0.9952456418383518
