aoi,std_aoi,total_latency,std_total_latency,number_of_requests_to_provider,hit_rate
77.1817767517223,144.82706573368995,1660.4956538969616,2420.6465286866164,1514,0.31836195508586523
16.158727072337115,23.729228120647285,1683.282938864629,786.7125330909488,2290,0.31615720524017465
39.349032258429176,111.1536710894766,1469.5305161290323,729.7601419998296,1705,0.32668621700879763
