aoi,std_aoi,total_latency,std_total_latency,number_of_requests_to_provider,hit_rate
164.25629465316183,201.44603228877563,1009.1534610303831,476.74682519213076,360,0.9861294583883752
506.56461159365534,184.35900192146448,905.8846467391304,268.31453905904675,296,0.9981884057971014
255.15877603368085,73.75065798888114,1060.1440319911749,355.62651120209193,428,0.9834528405956977
