aoi,std_aoi,total_latency,std_total_latency,number_of_requests_to_provider,hit_rate
283.5932086837215,44.58815183087766,1337.9929191797346,744.8030191630659,1658,0.7955367913148371
178.17937379697364,21.009959395485346,1352.9679479768786,2032.6994906213638,1038,0.7967244701348748
270.18603833838733,140.93058007935542,1234.8893051118212,709.0648425608139,1252,0.7963258785942492
