aoi,std_aoi,total_latency,std_total_latency,number_of_requests_to_provider,hit_rate
329.85895982710446,46.11625859978942,1251.7973027259684,690.8166518599324,697,0.8464849354375896
324.35550251391044,61.97505515416579,1514.8920184254607,823.6202261529752,1194,0.8676716917922948
243.74498053451973,37.486290351967384,1002.5990378197998,491.4346669382307,1798,0.8620689655172413
