aoi,std_aoi,total_latency,std_total_latency,number_of_requests_to_provider,hit_rate
1262.0048579877991,506.8414698651922,1052.6032281205164,449.3336848742774,43,1.0
1188.0748597461297,435.2726783610325,1165.2278790983607,469.120983228136,32,1.0
2920.0884488513534,2002.3958073369447,936.129715536105,367.52170885315303,40,0.9989059080962801
