aoi,std_aoi,total_latency,std_total_latency,number_of_requests_to_provider,hit_rate
231.7481975535315,55.41882314451369,1099.229960654125,2358.9523992390186,16256,0.8689905323988688
