aoi,std_aoi,total_latency,std_total_latency,number_of_requests_to_provider,hit_rate
1700752.0909718208,1089641.0421448117,100.86390167702487,1808.2445394940285,29475,0.9449973779052252
