aoi,std_aoi,total_latency,std_total_latency,number_of_requests_to_provider,hit_rate
329.8589597246055,46.11625850179125,1251.7973027259684,690.8166518599324,697,0.8464849354375896
2365.128104888714,40433.23126159658,1511.0819849246232,827.2843221731522,1190,0.8676716917922948
4883.8775544933505,56589.90999916357,1002.5084760845384,510.0135690848368,1784,0.8626251390433816
