aoi,std_aoi,total_latency,std_total_latency,number_of_requests_to_provider,hit_rate
325.7547982322143,44.08294948312791,1362.9489455081002,1941.5902812674778,3395,0.7346097201767305
187.02196908001665,36.025586377214466,1182.5416786123853,695.3725951858194,6974,0.7335149082568807
195.12766862876654,56.08371191074196,1299.3016482707874,1020.8397980607397,4077,0.7355898945302919
