aoi,std_aoi,total_latency,std_total_latency,number_of_requests_to_provider,hit_rate
1799459.011812007,1037969.8282858244,439.9036236791895,3225.2944942643767,68498,0.6939401716077346
