aoi,std_aoi,total_latency,std_total_latency,number_of_requests_to_provider,hit_rate
290.8539083243462,91.04331736838802,2095.739927623643,1006.8511244904798,1658,0.2937273823884198
253.84891682697778,157.084022965517,2106.964642166344,998.4198195768307,1034,0.29690522243713735
94.24807065430137,20.301495107578234,1587.49475,751.9058756935207,920,0.2967391304347826
