aoi,std_aoi,total_latency,std_total_latency,number_of_requests_to_provider,hit_rate
1442187.1295909253,1174278.3322429694,274.01123361190764,2137.8827880881636,46950,0.8141548486437633
