aoi,std_aoi,total_latency,std_total_latency,number_of_requests_to_provider,hit_rate
4985.644884345902,57279.385552575615,1327.6105790108566,725.9128673605838,1645,0.7979493365500603
5202.253976788142,45889.50342244221,1830.765601851852,3112.14082751975,1287,0.8140432098765432
3931.541731726826,48523.4814145822,1342.394283110571,1346.8317304988789,1632,0.7982989064398542
