aoi,std_aoi,total_latency,std_total_latency,number_of_requests_to_provider,hit_rate
328.95468188510364,51.12800681341907,1897.5511016200294,2723.0736845955194,3395,0.39410898379970544
164.44711819752249,33.91080952759694,1703.6305822118197,850.7260723962903,6836,0.39833235810415446
216.79719412210127,46.33368873315727,1535.677969924812,797.8002783829709,2926,0.4107997265892003
