aoi,std_aoi,total_latency,std_total_latency,number_of_requests_to_provider,hit_rate
443.9115917320491,80.79844808727736,974.4234285714285,301.3846140171417,499,0.9952871870397644
472.5371493804673,117.24827258432998,1021.6125507502206,460.43941029337816,439,0.9989408649602824
432.7193935367776,71.50859223831051,971.316019273536,297.1753659904364,423,0.9990116135408945
