aoi,std_aoi,total_latency,std_total_latency,number_of_requests_to_provider,hit_rate
70.6488376710185,122.60434126011596,1182.8308652575959,1462.0258215595188,1514,0.8276089828269485
209.75529863689587,118.34647162748699,1161.706484817293,588.210571065611,1943,0.8265568708183222
