aoi,std_aoi,total_latency,std_total_latency,number_of_requests_to_provider,hit_rate
1799464.6525366534,1037968.5268063296,1197.2631812704328,4907.170316678508,155474,0.13262220635327984
